Question,Reply
hey,Hello! How can I assist you today?
what is python?,"Python is a high-level, interpreted programming language that was created by Guido van Rossum and first released in 1991. It is designed with an emphasis on code readability, and its syntax allows programmers to express concepts in fewer lines of code than would be possible in languages such as C++ or Java.

Python supports multiple programming paradigms, including procedural, object-oriented, and functional programming. It also has a large standard library that provides areas like internet protocols, string operations, web services tools and operating system interfaces.

Python is often used for web development, data analysis, artificial intelligence, machine learning, and scientific computing, among other applications. It's known for its simplicity and readability, making it a great language for beginners, but it's also powerful and versatile enough for experienced programmers."
how can we write a simple program in this?,"Sure, I'd be happy to help you write a simple Python program. Here's an example of a classic beginner's program, ""Hello, World!"":

```python
print(""Hello, World!"")
```

When you run this program, it will output the text ""Hello, World!"" to the console.

Here's a breakdown of the program:

- `print()` is a built-in function in Python that outputs the specified message to the screen, or other standard output device.
- The message to be printed is placed inside the parentheses, enclosed in quotation marks. This is a string, which is a data type used to represent text.

You can run this program by typing it into a Python interpreter or saving it in a file with a `.py` extension and running that file."
and how can we use disctionaries in this ?,"Dictionaries in Python are a data structure that stores data in key-value pairs. They are flexible and very useful for many types of data processing tasks. Here's an example of how to create and use a dictionary in Python:

```python
# Creating a dictionary
my_dict = {
    ""name"": ""John"",
    ""age"": 30,
    ""city"": ""New York""
}

# Accessing values using keys
print(my_dict[""name""])  # Outputs: John
print(my_dict[""age""])   # Outputs: 30

# Adding a key-value pair
my_dict[""job""] = ""Engineer""

# Printing the updated dictionary
print(my_dict)  # Outputs: {'name': 'John', 'age': 30, 'city': 'New York', 'job': 'Engineer'}

# Removing a key-value pair
del my_dict[""age""]

# Printing the dictionary after removal
print(my_dict)  # Outputs: {'name': 'John', 'city': 'New York', 'job': 'Engineer'}
```

In this example, `my_dict` is a dictionary with keys ""name"", ""age"", and ""city"", and their corresponding values ""John"", 30, and ""New York"". You can access the values in the dictionary by their keys using the syntax `my_dict[key]`. You can add a key-value pair to the dictionary by assigning a value to a new key, and remove a key-value pair using the `del` keyword."
list me all the questions that i have asked ?,"Sure, here are all the questions you've asked so far:

1. hey
2. what is python?
3. how can we write a simple program in this?
4. and how can we use dictionaries in this ?
5. list me all the questions that i have asked ?"
hey ?,"Hello! How can I assist you today? If you have any questions or need help with a specific topic, feel free to let me know. I'm here to provide information and guidance to the best of my ability."
how many days are there in a week?,"There are 7 days in a week. The days of the week, in order, are Monday, Tuesday, Wednesday, Thursday, Friday, Saturday, and Sunday. This standard seven-day week has been widely used for centuries and is a part of many different calendar systems around the world."
and in a month ?,"The number of days in a month varies depending on the specific month and the calendar system being used. In the Gregorian calendar, which is the most widely used calendar system today, the months have the following number of days:

1. January: 31 days
2. February: 28 days (or 29 days in a leap year)
3. March: 31 days
4. April: 30 days
5. May: 31 days
6. June: 30 days
7. July: 31 days
8. August: 31 days
9. September: 30 days
10. October: 31 days
11. November: 30 days
12. December: 31 days

So, the number of days in a month can be 28, 29 (in a leap year), 30, or 31 days."
and in a year?,"In the Gregorian calendar, a common year has 365 days, and a leap year has 366 days. A leap year occurs every four years, except for years that are exactly divisible by 100. However, the centennial years that are exactly divisible by 400 are also leap years. This rule helps synchronize the calendar with Earth's orbital period around the Sun.

To summarize, a year usually has:

* 365 days (common year)
* 366 days (leap year)

Leap years help account for the fact that it takes Earth slightly more than 365 days to complete its orbit around the Sun, ensuring that our calendar stays in alignment with the seasons over time."
what are the all questions i asked till now ?,"Here is a list of all the questions you have asked so far:

1. How many days are there in a week?
2. and in a month ?
3. and in a year?

I'm happy to continue answering your questions or provide more information on any topic you're interested in."
what is the recipe for chocolate cake?,"Sure, here's a simple recipe for a classic chocolate cake:

Ingredients:
1. 2 cups sugar
2. 1-3/4 cups all-purpose flour
3. 3/4 cup unsweetened cocoa
4. 1-1/2 teaspoons baking powder
5. 1-1/2 teaspoons baking soda
6. 1 teaspoon salt
7. 2 eggs
8. 1 cup milk
9. 1/2 cup vegetable oil
10. 2 teaspoons vanilla extract
11. 1 cup boiling water

For the frosting:
1. 1/2 cup (1 stick) butter or margarine
2. 2/3 cup unsweetened cocoa
3. 3 cups powdered sugar
4. 1/3 cup milk
5. 1 teaspoon vanilla extract

Instructions:
1. Preheat oven to 350°F (175°C). Grease and flour two 9-inch round baking pans.
2. In a large mixing bowl, stir together sugar, flour, cocoa, baking powder, baking soda, and salt. Add eggs, milk, oil, and vanilla; beat on medium speed for 2 minutes. Stir in boiling water (the batter will be thin). Pour batter into prepared pans.
3. Bake for 30 to 35 minutes or until a toothpick inserted in the center comes out clean. Cool for 10 minutes; remove from pans to wire racks. Cool completely.

For the frosting:
1. Melt butter. Stir in cocoa. Alternately add powdered sugar and milk, beating on medium speed to spreading consistency. Add more milk, if needed. Stir in vanilla.

Once your cakes are cooled, spread the frosting on one layer, top with the second layer, and then spread frosting on the top and around the sides.

Enjoy your homemade chocolate cake!"
what is the recipe for chocolate cake?,"Sure, here's a simple recipe for a classic chocolate cake:

Ingredients:
1. 2 cups sugar
2. 1-3/4 cups all-purpose flour
3. 3/4 cup unsweetened cocoa
4. 1-1/2 teaspoons baking powder
5. 1-1/2 teaspoons baking soda
6. 1 teaspoon salt
7. 2 eggs
8. 1 cup milk
9. 1/2 cup vegetable oil
10. 2 teaspoons vanilla extract
11. 1 cup boiling water

For the frosting:
1. 1/2 cup (1 stick) butter or margarine
2. 2/3 cup unsweetened cocoa
3. 3 cups powdered sugar
4. 1/3 cup milk
5. 1 teaspoon vanilla extract

Instructions:
1. Preheat your oven to 350°F (175°C). Grease and flour two 9-inch round baking pans.
2. In a large mixing bowl, stir together the sugar, flour, cocoa, baking powder, baking soda, and salt.
3. Add the eggs, milk, oil, and vanilla extract. Beat on medium speed for about 2 minutes. Stir in the boiling water. The batter will be thin, but that's okay.
4. Pour the batter evenly into the prepared pans.
5. Bake for 30 to 35 minutes, or until a toothpick inserted into the center comes out clean. Cool for 10 minutes in the pans, then remove from the pans to wire racks to cool completely.

For the frosting:
1. Melt the butter and stir in the cocoa.
2. Alternately add powdered sugar and milk, beating on medium speed to spreading consistency. Add more milk, if needed. Stir in vanilla.

Once your cakes are cooled, spread the frosting on one layer, top with the second layer, and then spread frosting on the top and around the sides.

Enjoy your homemade chocolate cake!"
what is the recipe for chocolate cake?,"Sure, I'd be happy to help with that! Here's a simple recipe for a classic chocolate cake:

Ingredients:
1. 2 cups sugar
2. 1-3/4 cups all-purpose flour
3. 3/4 cup unsweetened cocoa
4. 1-1/2 teaspoons baking powder
5. 1-1/2 teaspoons baking soda
6. 1 teaspoon salt
7. 2 eggs
8. 1 cup milk
9. 1/2 cup vegetable oil
10. 2 teaspoons vanilla extract
11. 1 cup boiling water

For the frosting:
1. 1/2 cup (1 stick) butter or margarine
2. 2/3 cup unsweetened cocoa
3. 3 cups powdered sugar
4. 1/3 cup milk
5. 1 teaspoon vanilla extract

Instructions:
1. Preheat your oven to 350°F (175°C). Grease and flour two 9-inch round baking pans.
2. In a large mixing bowl, stir together the sugar, flour, cocoa, baking powder, baking soda, and salt.
3. Add the eggs, milk, oil, and vanilla extract. Beat on medium speed for about 2 minutes. Stir in the boiling water. The batter will be thin, but that's okay!
4. Pour the batter evenly into the prepared pans.
5. Bake for 30 to 35 minutes, or until a toothpick inserted into the center comes out clean. Cool for 10 minutes in the pans, then remove from the pans to wire racks to cool completely.

For the frosting:
1. Melt the butter and stir in the cocoa.
2. Alternately add powdered sugar and milk, beating on medium speed to spreading consistency. Add more milk, if needed. Stir in vanilla.

Once your cakes are cooled, spread the frosting between the layers, over the top, and around the sides.

Enjoy your homemade chocolate cake!"
what is the recipe for chocolate cake?,"To make a classic chocolate cake, you'll need the following ingredients:

* 1 and 3/4 cups all-purpose flour
* 1 and 1/2 teaspoons baking powder
* 1 and 1/2 teaspoons baking soda
* 3/4 cup unsweetened cocoa powder
* 2 cups sugar
* 1/2 teaspoon salt
* 2 eggs
* 1 cup whole milk
* 1/2 cup vegetable oil
* 2 teaspoons vanilla extract
* 1 cup boiling water

For the frosting, you'll need:

* 1 and 1/2 cups unsalted butter, softened
* 4 cups powdered sugar
* 3/4 cup unsweetened cocoa powder
* 1/2 cup whole milk
* 2 teaspoons vanilla extract

To make the cake, preheat your oven to 350°F (180°C). Grease and flour two 9-inch round cake pans. In a large mixing bowl, combine the flour, baking powder, baking soda, cocoa powder, sugar, and salt. Add the eggs, milk, oil, and vanilla extract, and beat with an electric mixer on medium speed for 2 minutes. Stir in the boiling water. The batter will be thin, but that's okay!

Pour the batter evenly into the prepared cake pans. Bake for 30-35 minutes, or until a toothpick inserted into the center of the cakes comes out clean. Allow the cakes to cool in the pans for 10 minutes, then transfer them to a wire rack to cool completely.

To make the frosting, beat the butter with an electric mixer until it is smooth and creamy. Gradually add the powdered sugar and cocoa powder, beating until the mixture is well combined. Add the milk and vanilla extract, and beat until the frosting is light and fluffy.

Once the cakes are completely cool, spread a layer of frosting on top of one cake, then place the second cake on top. Spread the remaining frosting on top and around the sides of the cake. Slice and serve!"
what is the recipe for chocolate cake?,"To make a chocolate cake, you will need:

* 1 and 3/4 cups all-purpose flour
* 1 and 1/2 teaspoons baking powder
* 1 and 1/2 teaspoons baking soda
* 3/4 cup unsweetened cocoa powder
* 2 cups sugar
* 1/2 teaspoon salt
* 2 eggs
* 1 cup whole milk
* 1/2 cup vegetable oil
* 2 teaspoons vanilla extract
* 1 cup boiling water

For the frosting:

* 1/2 cup butter
* 2/3 cup unsweetened cocoa powder
* 3 cups powdered sugar
* 1/3 cup milk
* 1 teaspoon vanilla extract

Preheat your oven to 350°F (175°C) and grease and flour two 9-inch round cake pans.

In a large mixing bowl, sift together the flour, baking powder, baking soda, cocoa powder, sugar, and salt. Add the eggs, milk, oil, and vanilla extract, and mix until well combined. Gradually add the boiling water, mixing until the batter is smooth.

Pour the batter into the prepared cake pans and bake for 30-35 minutes, or until a toothpick inserted into the center of the cakes comes out clean. Allow the cakes to cool in the pans for 10 minutes, then transfer them to a wire rack to cool completely.

To make the frosting, melt the butter in a saucepan over medium heat. Stir in the cocoa powder and powdered sugar, then gradually add the milk and vanilla extract, mixing until the frosting is smooth.

Once the cakes have cooled completely, spread the frosting on top of one cake layer, then place the second layer on top and spread the remaining frosting over the top and sides of the cake. Serve and enjoy!"
what is the recipe for chocolate cake?,"Sure, here's a simple recipe for a classic chocolate cake:

Ingredients:
1. 2 cups sugar
2. 1-3/4 cups all-purpose flour
3. 3/4 cup unsweetened cocoa
4. 1-1/2 teaspoons baking powder
5. 1-1/2 teaspoons baking soda
6. 1 teaspoon salt
7. 2 eggs
8. 1 cup milk
9. 1/2 cup vegetable oil
10. 2 teaspoons vanilla extract
11. 1 cup boiling water

For the frosting:
1. 1/2 cup (1 stick) butter or margarine
2. 2/3 cup unsweetened cocoa
3. 3 cups powdered sugar
4. 1/3 cup milk
5. 1 teaspoon vanilla extract

Instructions:
1. Preheat oven to 350°F (175°C). Grease and flour two 9-inch round baking pans.
2. In a large mixing bowl, stir together sugar, flour, cocoa, baking powder, baking soda, and salt. Add eggs, milk, oil, and vanilla; beat on medium speed for 2 minutes. Stir in boiling water (the batter will be thin). Pour batter into prepared pans.
3. Bake for 30 to 35 minutes or until a toothpick inserted in the center comes out clean. Cool for 10 minutes; remove from pans to wire racks. Cool completely.

For the frosting:
1. Melt butter. Stir in cocoa. Alternately add powdered sugar and milk, beating on medium speed to spreading consistency. Add more milk, if needed. Stir in vanilla.

Once your cakes are cooled, spread the frosting between the layers, over the top, and around the sides.

Enjoy your homemade chocolate cake!"
what is the recipe for chocolate cake?,"Sure, I'd be happy to help with that! Here's a simple recipe for a classic chocolate cake:

Ingredients:
1. 2 cups sugar
2. 1-3/4 cups all-purpose flour
3. 3/4 cup unsweetened cocoa
4. 1-1/2 teaspoons baking powder
5. 1-1/2 teaspoons baking soda
6. 1 teaspoon salt
7. 2 eggs
8. 1 cup milk
9. 1/2 cup vegetable oil
10. 2 teaspoons vanilla extract
11. 1 cup boiling water

For the frosting:
1. 1/2 cup (1 stick) butter or margarine
2. 2/3 cup unsweetened cocoa
3. 3 cups powdered sugar
4. 1/3 cup milk
5. 1 teaspoon vanilla extract

Instructions:
1. Preheat your oven to 350°F (175°C). Grease and flour two 9-inch round baking pans.
2. In a large mixing bowl, stir together the sugar, flour, cocoa, baking powder, baking soda, and salt.
3. Add the eggs, milk, oil, and vanilla extract. Beat on medium speed for about 2 minutes. Stir in the boiling water. The batter will be thin, but that's okay!
4. Pour the batter evenly into the prepared pans.
5. Bake for 30 to 35 minutes, or until a toothpick inserted into the center comes out clean. Cool for 10 minutes in the pans, then remove from the pans to wire racks to cool completely.

For the frosting:
1. Melt the butter and stir in the cocoa.
2. Alternately add powdered sugar and milk, beating on medium speed to spreading consistency. Add more milk, if needed. Stir in vanilla.

Once your cakes are completely cooled, spread the frosting on one layer, top with the second layer, and then spread frosting on the top and around the sides.

Enjoy your homemade chocolate cake!"
what is the recipe for chocolate cake?,"Sure, here's a simple recipe for a classic chocolate cake:

Ingredients:
1. 2 cups sugar
2. 1-3/4 cups all-purpose flour
3. 3/4 cup unsweetened cocoa
4. 1-1/2 teaspoons baking powder
5. 1-1/2 teaspoons baking soda
6. 1 teaspoon salt
7. 2 eggs
8. 1 cup milk
9. 1/2 cup vegetable oil
10. 2 teaspoons vanilla extract
11. 1 cup boiling water

For the frosting:
1. 1/2 cup (1 stick) butter or margarine
2. 2/3 cup unsweetened cocoa
3. 3 cups powdered sugar
4. 1/3 cup milk
5. 1 teaspoon vanilla extract

Instructions:
1. Preheat oven to 350°F (175°C). Grease and flour two 9-inch round baking pans.
2. In a large mixing bowl, stir together sugar, flour, cocoa, baking powder, baking soda, and salt. Add eggs, milk, oil, and vanilla; beat on medium speed for 2 minutes. Stir in boiling water (the batter will be thin). Pour batter into prepared pans.
3. Bake for 30 to 35 minutes or until a toothpick inserted in the center comes out clean. Cool for 10 minutes; remove from pans to wire racks. Cool completely.

For the frosting:
1. Melt butter. Stir in cocoa. Alternately add powdered sugar and milk, beating on medium speed to spreading consistency. Add more milk, if needed. Stir in vanilla.

Once your cakes are cooled, spread the frosting between the layers, over the top, and around the sides.

Enjoy your homemade chocolate cake!"
what is the recipe for chocolate cake?,"Sure, here's a simple recipe for a classic chocolate cake:

Ingredients:
1. 2 cups sugar
2. 1-3/4 cups all-purpose flour
3. 3/4 cup unsweetened cocoa
4. 1-1/2 teaspoons baking powder
5. 1-1/2 teaspoons baking soda
6. 1 teaspoon salt
7. 2 eggs
8. 1 cup milk
9. 1/2 cup vegetable oil
10. 2 teaspoons vanilla extract
11. 1 cup boiling water

For the frosting:
1. 1/2 cup (1 stick) butter or margarine
2. 2/3 cup unsweetened cocoa
3. 3 cups powdered sugar
4. 1/3 cup milk
5. 1 teaspoon vanilla extract

Instructions:
1. Preheat oven to 350°F (175°C). Grease and flour two 9-inch round baking pans.
2. In a large mixing bowl, stir together sugar, flour, cocoa, baking powder, baking soda, and salt.
3. Add eggs, milk, oil, and vanilla; beat on medium speed for 2 minutes. Stir in boiling water (the batter will be thin). Pour batter into prepared pans.
4. Bake for 30 to 35 minutes or until a toothpick inserted in the center comes out clean. Cool for 10 minutes; remove from pans to wire racks. Cool completely.

For the frosting:
1. Melt butter. Stir in cocoa. Alternately add powdered sugar and milk, beating on medium speed to spreading consistency. Add more milk, if needed. Stir in vanilla.

Once your cakes are cooled, spread the frosting between the layers, over the top, and around the sides.

Enjoy your homemade chocolate cake!"
what about strawberry one?,"Here's a recipe for a strawberry cake with strawberry frosting:

Ingredients:
1. 1 box white cake mix (you can substitute with a strawberry cake mix if available)
2. 1 cup strawberry puree (made from about 1 lb of fresh strawberries)
3. 1/2 cup vegetable oil
4. 4 large eggs
5. 1/4 cup water
6. Pink food coloring (optional)

For the frosting:
1. 1 cup unsalted butter, softened
2. 4 cups powdered sugar
3. 1/2 cup strawberry puree (made from about 1/2 lb of fresh strawberries)
4. 1 teaspoon vanilla extract

Instructions:
1. Preheat oven to 350°F (175°C). Grease and flour two 9-inch round baking pans.
2. In a blender or food processor, puree enough strawberries to make 1 1/2 cups of puree. Set aside 1/2 cup for the frosting.
3. In a large mixing bowl, combine the cake mix, 1 cup strawberry puree, vegetable oil, eggs, and water. Mix until well combined. Add pink food coloring if desired.
4. Pour batter into prepared pans and bake for 20-25 minutes or until a toothpick inserted in the center comes out clean. Cool for 10 minutes; remove from pans to wire racks. Cool completely.

For the frosting:
1. In a large mixing bowl, beat softened butter until creamy.
2. Gradually add powdered sugar, beating until light and fluffy.
3. Beat in 1/2 cup strawberry puree and vanilla extract. If the frosting is too thin, add more powdered sugar. If it's too thick, add a little more strawberry puree or a teaspoon of milk.

Once your cakes are cooled, spread the frosting between the layers, over the top, and around the sides. Garnish with fresh strawberries if desired.

Enjoy your homemade strawberry cake!"
can we use both of the above for new combo?,"Yes, you can certainly combine elements from both recipes to create a new chocolate-strawberry combo cake! Here's a suggestion:

Ingredients:
1. 1 box chocolate cake mix or use the chocolate cake recipe above
2. 1 cup strawberry puree (made from about 1 lb of fresh strawberries)
3. 1/2 cup vegetable oil
4. 4 large eggs
5. 1/4 cup water

For the frosting:
1. 1 cup unsalted butter, softened
2. 4 cups powdered sugar
3. 1/2 cup strawberry puree (made from about 1/2 lb of fresh strawberries)
4. 1 teaspoon vanilla extract

Instructions:
1. Preheat oven to 350°F (175°C). Grease and flour two 9-inch round baking pans.
2. Prepare the chocolate cake batter using the box mix or the recipe above.
3. Divide the batter evenly between the two pans and bake according to the package or recipe instructions. Cool the cakes completely.
4. While the cakes are cooling, make the strawberry frosting. In a large mixing bowl, beat softened butter until creamy.
5. Gradually add powdered sugar, beating until light and fluffy.
6. Beat in 1/2 cup strawberry puree and vanilla extract. If the frosting is too thin, add more powdered sugar. If it's too thick, add a little more strawberry puree or a teaspoon of milk.
7. Once your cakes are cooled, spread the frosting between the layers, over the top, and around the sides. Garnish with fresh strawberries if desired.

Enjoy your homemade chocolate-strawberry combo cake! The rich chocolate cake combined with the sweet and tangy strawberry frosting is a classic flavor combination that's sure to be a hit."
how can we make brownies ?,"Sure, I'd be happy to help you make brownies! Here's a simple recipe:

Ingredients:
1. 1 cup (2 sticks) of unsalted butter
2. 2 cups of granulated sugar
3. 4 large eggs
4. 1 tsp of vanilla extract
5. 1 cup of all-purpose flour
6. 1/2 cup of cocoa powder
7. 1/4 tsp of baking powder
8. 1/4 tsp of salt
9. 1 cup of chopped nuts (optional)

Steps:
1. Preheat your oven to 350°F (175°C). Grease a 9x13-inch baking pan or line it with parchment paper.
2. In a saucepan over medium heat, melt the butter. Once melted, remove the pan from the heat.
3. Stir in the sugar, eggs, and vanilla extract until well combined.
4. In a separate bowl, combine the flour, cocoa powder, baking powder, and salt.
5. Gradually add the dry ingredients to the butter mixture and stir until well combined.
6. If using, fold in the chopped nuts.
7. Pour the batter into the prepared baking pan and spread it out evenly.
8. Bake for 20-25 minutes, or until a toothpick inserted into the center comes out with a few moist crumbs.
9. Allow the brownies to cool in the pan before cutting into squares.

Enjoy your homemade brownies! Remember, you can customize this recipe by adding things like chocolate chips or a frosting on top."
how can we make brownies ?,"To make delicious brownies, you can follow this simple recipe. You will need the following ingredients:

* 1/2 cup (113g) unsalted butter
* 1 cup (200g) granulated sugar
* 2 large eggs
* 1 tsp (5mL) vanilla extract
* 1/3 cup (28g) unsweetened cocoa powder
* 1/2 cup (60g) all-purpose flour
* 1/4 tsp salt
* 1/4 tsp baking powder
* 1/2 cup (85g) semisweet chocolate chips or chopped nuts (optional)

Instructions:

1. Preheat your oven to 350°F (175°C). Grease an 8x8-inch (20x20 cm) baking dish or line it with parchment paper.
2. In a medium-sized saucepan, melt the butter over low heat. Once melted, remove the saucepan from the heat.
3. Stir in the sugar, followed by the eggs, one at a time, mixing well after each addition. Add the vanilla extract and mix until well combined.
4. In a separate bowl, combine the cocoa powder, all-purpose flour, salt, and baking powder. Gradually add the dry ingredients to the butter mixture, stirring until well incorporated.
5. If using, fold in the chocolate chips or chopped nuts.
6. Pour the batter into the prepared baking dish, spreading it evenly.
7. Bake for 20-25 minutes or until a toothpick inserted into the center comes out with a few moist crumbs. Be careful not to overbake, as this can result in dry brownies.
8. Allow the brownies to cool in the pan for at least 10 minutes before cutting them into squares. You can serve them warm or let them cool completely before serving.

Enjoy your homemade brownies! You can store any leftovers in an airtight container at room temperature for up to a week."
can i mix this recipe with strawberry cake ones?,"While it's certainly possible to combine elements of a brownie recipe and a strawberry cake recipe, it's important to note that the textures and flavors of the two desserts are quite different. Brownies are typically dense and rich, while strawberry cakes are lighter and fruitier.

If you'd like to incorporate strawberries into your brownies, here are a couple of suggestions:

1. **Strawberry Swirl Brownies**: You could make a strawberry puree by blending fresh strawberries and a bit of sugar, then swirling it into the brownie batter before baking. This would give your brownies a nice strawberry flavor without altering the texture too much.

2. **Strawberry Chunk Brownies**: Another option is to chop up some fresh strawberries and fold them into the batter before baking. This would give you little pockets of strawberry flavor in your brownies.

Remember, these modifications might affect the baking time and final texture of your brownies. Keep an eye on them while they're in the oven, and check for doneness with a toothpick.

If you're looking to create a layered dessert with both brownies and strawberry cake, you could bake each separately and then stack and frost them together. This would allow you to enjoy the unique flavors and textures of both desserts in one bite!"
can i mix this recipe with strawberry cake ones?,"While you can certainly try to combine elements of a brownie recipe and a strawberry cake recipe, it's important to be aware that the results might not be exactly what you expect. The textures and flavors of brownies and strawberry cakes are quite different. However, I can suggest a way to incorporate strawberries into your brownie recipe:

1. Follow the brownie recipe as mentioned earlier, but reduce the sugar content to 3/4 cup (150g) since strawberries will add natural sweetness.
2. Prepare the brownie batter as instructed and pour half of it into the greased or parchment-lined baking dish, spreading it evenly.
3. Thinly slice about 1 cup of fresh strawberries and place them evenly over the layer of brownie batter in the baking dish.
4. Pour the remaining brownie batter over the strawberry layer, spreading it gently and evenly to cover the strawberries.
5. Bake as directed in the brownie recipe, but you might need to add a few extra minutes to account for the added moisture from the strawberries. Keep an eye on the brownies to ensure they don't overbake.
6. Allow the brownies to cool before cutting and serving.

By following these steps, you can create a delicious strawberry-infused brownie treat. However, please note that the resulting texture and flavor will differ from a traditional strawberry cake. If you prefer a true strawberry cake, you may want to follow a dedicated strawberry cake recipe instead."
would it be yummy ?,"The combination of chocolate and strawberry is a classic one that many people enjoy, so it's likely that a dessert combining brownies and strawberries would be delicious! The rich, chocolaty flavor of the brownies can be balanced nicely by the sweet, slightly tangy flavor of the strawberries.

However, taste is subjective and can vary greatly from person to person. If you enjoy both brownies and strawberries, there's a good chance you'll enjoy a dessert that combines the two. But the best way to find out is to try it for yourself! You could start by making a small batch of strawberry swirl brownies or strawberry chunk brownies and see how you like them."
would it be yummy ?,"Incorporating strawberries into a brownie recipe as described can create a delightful and unique dessert that many people might find tasty. The combination of rich chocolate brownie and sweet, juicy strawberries can be very enjoyable. However, taste is subjective and can vary from person to person. Some people might prefer the distinct flavors and textures of traditional brownies or strawberry cakes.

If you enjoy both brownies and strawberries, it's worth giving this recipe a try to see if you like the combination. You can always adjust the recipe to your liking, such as adding more or less strawberries or using different types of chocolate to change the flavor profile."
hey,"Hello! How can I help you today? If you have any questions or need assistance with a particular topic, feel free to ask. I'm here to provide information and support."
